패션의류,패션의류,패션의류,50000000
패션의류,여성의류,여성의류,50000167
패션의류,여성의류,니트/스웨터,50000805
패션의류,여성의류,카디건,50000806
패션의류,여성의류,원피스,50000807
패션의류,여성의류,티셔츠,50000803
패션의류,여성의류,블라우스/셔츠,50000804
패션의류,여성의류,점퍼,50000814
패션의류,여성의류,재킷,50000815
패션의류,여성의류,코트,50000813
패션의류,여성의류,청바지,50000809
패션의류,여성의류,스커트,50000808
패션의류,여성의류,레깅스,50000812
패션의류,여성의류,바지,50000810
패션의류,여성의류,트레이닝복,50000818
패션의류,여성의류,조끼,50000817
패션의류,여성의류,정장세트,50000816
패션의류,여성의류,한복,50000819
패션의류,여성의류,유니폼,50000821
패션의류,여성의류,레인코트,50000822
패션의류,여성의류,점프수트,50000811
패션의류,여성의류,코디세트,50000778
패션의류,여성언더웨어/잠옷,여성언더웨어/잠옷,50000168
패션의류,여성언더웨어/잠옷,브라,50000823
패션의류,여성언더웨어/잠옷,팬티,50000824
패션의류,여성언더웨어/잠옷,브라팬티세트,50000825
패션의류,여성언더웨어/잠옷,잠옷/홈웨어,50000826
패션의류,여성언더웨어/잠옷,시즌성내의,50001453
패션의류,여성언더웨어/잠옷,보정속옷,50001452
패션의류,여성언더웨어/잠옷,슬립,50000827
패션의류,여성언더웨어/잠옷,런닝/캐미솔,50000828
패션의류,여성언더웨어/잠옷,속치마/속바지,50000829
패션의류,여성언더웨어/잠옷,언더웨어소품,50001454
패션의류,남성의류,남성의류,50000169
패션의류,남성의류,니트/스웨터,50000831
패션의류,남성의류,티셔츠,50000830
패션의류,남성의류,셔츠/남방,50000833
패션의류,남성의류,카디건,50000832
패션의류,남성의류,점퍼,50000837
패션의류,남성의류,재킷,50000838
패션의류,남성의류,코트,50000839
패션의류,남성의류,청바지,50000835
패션의류,남성의류,바지,50000836
패션의류,남성의류,조끼,50000834
패션의류,남성의류,정장세트,50000840
패션의류,남성의류,트레이닝복,50000841
패션의류,남성의류,한복,50000842
패션의류,남성의류,유니폼,50000843
패션의류,남성의류,레인코트,50000844
패션의류,남성언더웨어/잠옷,남성언더웨어/잠옷,50000170
패션의류,남성언더웨어/잠옷,팬티,50000845
패션의류,남성언더웨어/잠옷,런닝,50000846
패션의류,남성언더웨어/잠옷,런닝팬티세트,50000847
패션의류,남성언더웨어/잠옷,잠옷/홈웨어,50000848
패션의류,아동의류,아동의류,50000171
패션의류,아동의류,티셔츠,50000747
패션의류,아동의류,니트/스웨터,50000750
패션의류,아동의류,블라우스,50000749
패션의류,아동의류,셔츠/남방,50000748
패션의류,아동의류,카디건,50000751
패션의류,아동의류,점퍼,50000759
패션의류,아동의류,재킷,50000760
패션의류,아동의류,원피스,50000752
패션의류,아동의류,코트,50000758
패션의류,아동의류,바지,50000755
패션의류,아동의류,청바지,50000754
패션의류,아동의류,스커트,50000753
패션의류,아동의류,조끼,50000762
패션의류,아동의류,트레이닝복,50000763
패션의류,아동의류,레깅스,50000757
패션의류,아동의류,한복,50000765
패션의류,아동의류,레인코트,50000770
패션의류,아동언더웨어,아동언더웨어,50000172
패션의류,아동언더웨어,팬티,50000771
패션의류,아동언더웨어,시즌성내의,50001457
패션의류,아동언더웨어,잠옷/홈웨어,50000776
패션잡화,패션잡화,패션잡화,50000001
패션잡화,여성신발,여성신발,50000173
패션잡화,여성신발,부츠,50001462
패션잡화,여성신발,부티,50000779
패션잡화,여성신발,워커,50001461
패션잡화,여성신발,단화,50001459
패션잡화,여성신발,힐/펌프스,50001460
패션잡화,여성신발,운동화,50001463
패션잡화,여성신발,실내화,50000781
패션잡화,여성신발,슬리퍼,50000780
패션잡화,여성신발,샌들,50001464
패션잡화,여성신발,기능화,50001465
패션잡화,남성신발,남성신발,50000174
패션잡화,남성신발,운동화,50001466
패션잡화,남성신발,부츠,50000792
패션잡화,남성신발,워커,50000791
패션잡화,남성신발,모카신/털신,50000784
패션잡화,남성신발,스니커즈,50000788
패션잡화,남성신발,정장구두,50000787
패션잡화,남성신발,슬리퍼,50000790
패션잡화,남성신발,웰트화,50000665
패션잡화,남성신발,슬립온,50000783
패션잡화,남성신발,보트슈즈,50000785
패션잡화,남성신발,샌들,50000789
패션잡화,남성신발,기능화,50001467
패션잡화,신발용품,신발용품,50000175
패션잡화,여성가방,여성가방,50000176
패션잡화,여성가방,백팩,50000644
패션잡화,여성가방,크로스백,50000641
패션잡화,여성가방,숄더백,50000639
패션잡화,여성가방,토트백,50000640
패션잡화,여성가방,파우치,50000643
패션잡화,여성가방,클러치백,50000642
패션잡화,남성가방,남성가방,50000177
패션잡화,남성가방,백팩,50000651
패션잡화,남성가방,크로스백,50000648
패션잡화,남성가방,숄더백,50000646
패션잡화,남성가방,토트백,50000647
패션잡화,남성가방,브르프케이스,50000650
패션잡화,남성가방,클러치백,50000649
패션잡화,남성가방,힙색,50000652
패션잡화,여행용가발/소품,여행용가발/소품,50000178
패션잡화,여행용가발/소품,하드캐리어,50001469
패션잡화,여행용가발/소품,소프트캐리어,50001470
패션잡화,여행용가발/소품,보스턴가방,50000653
패션잡화,여행용가발/소품,이민/유학용 가방,50000655
패션잡화,여행용가발/소품,여권케이스,50000657
패션잡화,여행용가발/소품,캐리어소품,50005464
패션잡화,지갑,지갑,50000179
패션잡화,지갑,여성지갑,50001471
패션잡화,지갑,남성지갑,50001472
패션잡화,지갑,머니클립,50000661
패션잡화,지갑,카드/명함지갑,50000662
패션잡화,지갑,동전지갑,50000664
패션잡화,지갑,열쇠지갑,50000663
패션잡화,지갑,통장/여권지갑,50000537
패션잡화,벨트,벨트,50000180
패션잡화,벨트,여성벨트,50000539
패션잡화,벨트,남성벨트,50001473
패션잡화,모자,모자,50000181
패션잡화,모자,스냅백,50001475
패션잡화,모자,야구모자,50001474
패션잡화,모자,비니,50000543
패션잡화,모자,페도라,50000544
패션잡화,모자,사파리모자,50000546
패션잡화,모자,선캡,50000542
패션잡화,장갑,장갑,50000182
패션잡화,장갑,여성장갑,50000551
패션잡화,장갑,남성장갑,50000552
패션잡화,양말,양말,50000166
패션잡화,양말,여성양말,50001476
패션잡화,양말,남성양말,50001477
패션잡화,선글라스/안경테,선글라스/안경테,50000183
패션잡화,선글라스/안경테,선글라스,50000554
패션잡화,선글라스/안경테,안경테,50000556
패션잡화,헤어액세서리,헤어액세서리,50000184
패션잡화,헤어액세서리,가발,50001478
패션잡화,헤어액세서리,여성가발,50004009
패션잡화,헤어액세서리,헤어밴드,50000560
패션잡화,헤어액세서리,헤어핀,50000561
패션잡화,헤어액세서리,헤어끈,50000562
패션잡화,패션소품,패션소품,50000185
패션잡화,패션소품,스카프,50001479
패션잡화,패션소품,손수건,50001480
패션잡화,패션소품,넥타이,50001481
패션잡화,패션소품,머플러,50000565
패션잡화,패션소품,우산,50001482
패션잡화,패션소품,양산,50001483
패션잡화,패션소품,스타킹,50001484
패션잡화,패션소품,브로치,50001485
패션잡화,패션소품,키홀더,50000570
패션잡화,패션소품,부채,50000571
패션잡화,패션소품,한복소품,50000574
패션잡화,패션소품,라이터/담배용품,50001486
패션잡화,시계,시계,50000186
패션잡화,시계,커플시계,50000425
패션잡화,시계,아동시계,50000426
패션잡화,시계,패션시계,50001487
패션잡화,시계,시계소품,50001488
패션잡화,베이비주얼리,베이비주얼리,50000187
패션잡화,베이비주얼리,목걸이,50000429
패션잡화,순금,순금,50000188
패션잡화,주얼리,주얼리,50000189
패션잡화,주얼리,반지,50001489
패션잡화,주얼리,귀걸이,50001490
패션잡화,주얼리,목걸이,50001491
패션잡화,주얼리,팔찌,50001495
패션잡화,주얼리,발찌,50006174
패션잡화,주얼리,펜던트,50001492
패션잡화,주얼리,주얼리세트,50001493
패션잡화,주얼리,주얼리소품,50001494
